EEID,Full Name,Job Title,Department,Age,Gender,Ethnicity,City,Country
E02387,Emily Davis,Sr. Manger,IT,55,Female,Black,Seattle,United States
E04105,Theodore Dinh,Technical Architect,IT,59,Male,Asian,Chongqing,China
E02572,Luna Sanders,Director,Finance,50,Female,Caucasian,Chicago,United States
E02832,Penelope Jordan,Computer Systems Manager,IT,26,Female,Caucasian,Chicago,United States
E01639,Austin Vo,Sr. Analyst,Finance,55,Male,Asian,Phoenix,United States
E00644,Joshua Gupta,Account Representative,Sales,57,Male,Asian,Chongqing,China
E01550,Ruby Barnes,Manager,IT,27,Female,Caucasian,Phoenix,United States
E04332,Luke Martin,Analyst,Finance,25,Male,Black,Miami,United States
E04533,Easton Bailey,Manager,Accounting,29,Male,Caucasian,Austin,United States
E03838,Madeline Walker,Sr. Analyst,Finance,34,Female,Caucasian,Chicago,United States
E00591,Savannah Ali,Sr. Manger,Human Resources,36,Female,Asian,Miami,United States
E03344,Camila Rogers,Controls Engineer,Engineering,27,Female,Caucasian,Seattle,United States
E00530,Eli Jones,Manager,Human Resources,59,Male,Caucasian,Austin,United States
E04239,Everleigh Ng,Sr. Manger,Finance,51,Female,Asian,Shanghai,China
E03496,Robert Yang,Sr. Analyst,Accounting,31,Male,Asian,Austin,United States
E00549,Isabella Xi,Vice President,Marketing,41,Female,Asian,Seattle,United States
E00163,Bella Powell,Director,Finance,65,Female,Black,Phoenix,United States
E00884,Camila Silva,Sr. Manger,Marketing,64,Female,Latino,Seattle,United States
E04116,David Barnes,Director,IT,64,Male,Caucasian,Columbus,United States
E04625,Adam Dang,Director,Sales,45,Male,Asian,Chongqing,China
E03680,Elias Alvarado,Sr. Manger,IT,56,Male,Latino,Manaus,Brazil
E04732,Eva Rivera,Director,Sales,36,Female,Latino,Miami,United States
E03484,Logan Rivera,Director,IT,59,Male,Latino,Rio de Janerio,Brazil
E00671,Leonardo Dixon,Analyst,Sales,37,Male,Caucasian,Seattle,United States
E02071,Mateo Her,Vice President,Sales,44,Male,Asian,Chongqing,China
E02206,Jose Henderson,Director,Human Resources,41,Male,Black,Columbus,United States
E04545,Abigail Mejia,Quality Engineer,Engineering,56,Female,Latino,Rio de Janerio,Brazil
E00154,Wyatt Chin,Vice President,Engineering,43,Male,Asian,Seattle,United States
E03343,Carson Lu,Engineering Manager,Engineering,64,Male,Asian,Beijing,China
E00304,Dylan Choi,Vice President,IT,63,Male,Asian,Beijing,China
E02594,Ezekiel Kumar,IT Coordinator,IT,28,Male,Asian,Columbus,United States
E00402,Dominic Guzman,Analyst,Finance,65,Male,Latino,Manaus,Brazil
E01994,Angel Powell,Analyst II,Sales,61,Male,Caucasian,Seattle,United States
E03549,Mateo Vu,Account Representative,Sales,30,Male,Asian,Chongqing,China
E03247,Caroline Jenkins,Analyst,Finance,27,Female,Caucasian,Chicago,United States
E02074,Nora Brown,Enterprise Architect,IT,32,Female,Caucasian,Austin,United States
E04152,Adeline Huang,Controls Engineer,Engineering,34,Female,Asian,Chengdu,China
E01628,Jackson Perry,Vice President,Marketing,27,Male,Caucasian,Phoenix,United States
E04285,Riley Padilla,Technical Architect,IT,35,Female,Latino,Miami,United States
E01417,Leah Pena,Enterprise Architect,IT,57,Female,Latino,Manaus,Brazil
E01754,Owen Lam,Sr. Business Partner,Human Resources,30,Male,Asian,Chengdu,China
E03749,Kennedy Foster,Manager,Marketing,53,Female,Caucasian,Austin,United States
E03574,John Moore,Vice President,IT,52,Male,Caucasian,Seattle,United States
E04600,William Vu,Account Representative,Sales,37,Male,Asian,Shanghai,China
E00586,Sadie Washington,Sr. Manger,Marketing,29,Female,Caucasian,Phoenix,United States
E03538,Gabriel Holmes,Enterprise Architect,IT,40,Male,Caucasian,Seattle,United States
E02185,Wyatt Rojas,Computer Systems Manager,IT,32,Male,Latino,Austin,United States
E03830,Eva Coleman,Director,IT,37,Female,Black,Seattle,United States
E03720,Dominic Clark,Quality Engineer,Engineering,52,Male,Caucasian,Phoenix,United States
E03025,Lucy Alexander,Director,Engineering,45,Female,Caucasian,Seattle,United States
E04917,Everleigh Washington,HRIS Analyst,Human Resources,64,Female,Caucasian,Phoenix,United States
E00415,Leilani Butler,Analyst II,Marketing,27,Female,Black,Phoenix,United States
E02862,Peyton Huang,Sr. Manger,IT,25,Female,Asian,Beijing,China
E04207,John Contreras,Analyst II,Marketing,35,Male,Latino,Columbus,United States
E02139,Rylee Yu,Director,Accounting,36,Female,Asian,Seattle,United States
E01797,Piper Lewis,Field Engineer,Engineering,33,Female,Caucasian,Chicago,United States
E01839,Stella Alexander,Automation Engineer,Engineering,52,Female,Caucasian,Chicago,United States
E01633,Addison Do,Operations Engineer,Engineering,46,Female,Asian,Columbus,United States
E01848,Zoey Jackson,Business Partner,Human Resources,46,Female,Black,Miami,United States
E00716,John Chow,Sr. Manger,Marketing,45,Male,Asian,Chengdu,China
E00699,Ava Ayala,Sr. Manger,IT,55,Female,Latino,Manaus,Brazil
E00502,Natalia Salazar,Sr. Analyst,Accounting,44,Female,Latino,Manaus,Brazil
E04000,Skylar Carrillo,Engineering Manager,Engineering,44,Female,Latino,Austin,United States
E02112,Christian Sanders,Vice President,Human Resources,45,Male,Black,Seattle,United States
E03824,Penelope Coleman,Analyst,Finance,36,Female,Black,Miami,United States
E03906,Piper Richardson,Sr. Analyst,Sales,38,Female,Caucasian,Columbus,United States
E00436,Everly Walker,HRIS Analyst,Human Resources,41,Female,Caucasian,Seattle,United States
E04798,Aurora Ali,Manager,Marketing,30,Female,Asian,Seattle,United States
E01249,Penelope Guerrero,Vice President,IT,43,Female,Latino,Seattle,United States
E03349,Anna Mehta,Cloud Infrastructure Architect,IT,32,Female,Asian,Seattle,United States
E02966,William Foster,Field Engineer,Engineering,58,Male,Caucasian,Phoenix,United States
E01499,Jade Rojas,Director,Finance,37,Female,Latino,Phoenix,United States
E00105,Isla Espinoza,Manager,Accounting,38,Female,Latino,Manaus,Brazil
E00665,David Chu,Controls Engineer,Engineering,55,Male,Asian,Seattle,United States
E00791,Thomas Padilla,Vice President,Marketing,57,Male,Latino,Sao Paulo,Brazil
E01540,Miles Salazar,IT Coordinator,IT,36,Male,Latino,Sao Paulo,Brazil
E04474,Mila Hong,Test Engineer,Engineering,30,Female,Asian,Chongqing,China
E03417,Benjamin Moua,Computer Systems Manager,IT,40,Male,Asian,Chongqing,China
E00254,Samuel Morales,Analyst II,Finance,34,Male,Latino,Phoenix,United States
E02166,John Soto,Sr. Manger,Finance,60,Male,Latino,Phoenix,United States
E00935,Joseph Martin,Analyst II,Marketing,41,Male,Black,Miami,United States
E01525,Jose Ross,Engineering Manager,Engineering,53,Male,Caucasian,Miami,United States
E00386,Parker James,Quality Engineer,Engineering,45,Male,Black,Austin,United States
E00416,Everleigh Fernandez,Director,Engineering,30,Female,Latino,Manaus,Brazil
E03383,Lincoln Hall,Director,Accounting,26,Male,Caucasian,Chicago,United States
E01516,Willow Mai,Business Partner,Human Resources,45,Female,Asian,Chengdu,China
E01234,Jack Cheng,Director,Human Resources,42,Male,Asian,Beijing,China
E03440,Genesis Navarro,Cloud Infrastructure Architect,IT,41,Female,Latino,Manaus,Brazil
E00431,Eliza Hernandez,Network Architect,IT,48,Female,Latino,Rio de Janerio,Brazil
E01258,Gabriel Brooks,Network Engineer,IT,29,Male,Caucasian,Miami,United States
E00440,Jack Huynh,Manager,Marketing,27,Male,Asian,Chongqing,China
E00595,Everly Chow,Sr. Manger,Finance,33,Female,Asian,Beijing,China
E00972,Amelia Salazar,Analyst II,Finance,26,Female,Latino,Sao Paulo,Brazil
E04562,Xavier Zheng,Account Representative,Sales,31,Male,Asian,Austin,United States
E02802,Matthew Chau,Sr. Business Partner,Human Resources,53,Male,Asian,Seattle,United States
E01427,Mia Cheng,Sr. Manger,Sales,34,Female,Asian,Phoenix,United States
E04568,Rylee Yu,Vice President,Finance,54,Female,Asian,Beijing,China
E04931,Zoe Romero,Network Architect,IT,32,Female,Latino,Sao Paulo,Brazil
E00443,Nolan Bui,Computer Systems Manager,IT,28,Male,Asian,Shanghai,China
E03890,Nevaeh Jones,Vice President,Sales,31,Female,Caucasian,Austin,United States
E01194,Samantha Adams,Test Engineer,Engineering,45,Female,Caucasian,Seattle,United States
E02875,Madeline Shin,Computer Systems Manager,IT,48,Female,Asian,Seattle,United States
E04959,Noah King,Development Engineer,Engineering,56,Male,Black,Miami,United States
E03816,Leilani Chow,Director,Human Resources,27,Female,Asian,Beijing,China
E01261,Connor Simmons,Analyst II,Accounting,55,Male,Caucasian,Miami,United States
E03612,Grayson Cooper,Sr. Manger,Finance,64,Male,Black,Columbus,United States
E01388,Ivy Soto,Field Engineer,Engineering,50,Female,Latino,Austin,United States
E03875,Aurora Simmons,Development Engineer,Engineering,51,Female,Caucasian,Austin,United States
E04413,Andrew Thomas,Controls Engineer,Engineering,36,Male,Caucasian,Columbus,United States
E00691,Ezekiel Desai,Director,Finance,42,Male,Asian,Seattle,United States
E03047,Gabriella Gupta,Sr. Account Representative,Sales,41,Female,Asian,Shanghai,China
E04903,Skylar Liu,Director,IT,29,Female,Asian,Chengdu,China
E04735,Nova Coleman,System Administrator�,IT,44,Female,Caucasian,Miami,United States
E02850,Evelyn Dinh,Director,Sales,41,Female,Asian,Columbus,United States
E03583,Brooks Marquez,Vice President,Sales,61,Male,Latino,Chicago,United States
E02017,Connor Joseph,Director,Human Resources,50,Male,Caucasian,Chicago,United States
E01642,Mia Lam,Sr. Manger,IT,49,Female,Asian,Austin,United States
E04379,Scarlett Rodriguez,Sr. Analyst,Finance,60,Female,Latino,Manaus,Brazil
E04131,Cora Rivera,Sr. Analyst,Marketing,42,Female,Latino,Seattle,United States
E02872,Liam Jung,Manager,Finance,39,Male,Asian,Chengdu,China
E02331,Sophia Huynh,Enterprise Architect,IT,55,Female,Asian,Miami,United States
E00417,Athena Carrillo,Analyst II,Finance,39,Female,Latino,Columbus,United States
E04267,Greyson Sanders,Cloud Infrastructure Architect,IT,28,Male,Black,Chicago,United States
E03061,Vivian Lewis,Manager,Marketing,65,Female,Caucasian,Columbus,United States
E00013,Elena Vang,Analyst,Finance,52,Female,Asian,Beijing,China
E04265,Natalia Diaz,Operations Engineer,Engineering,62,Female,Latino,Austin,United States
E04769,Mila Leung,Sr. Analyst,Marketing,39,Female,Asian,Beijing,China
E03042,Ava Nelson,Systems Analyst,IT,63,Female,Caucasian,Phoenix,United States
E00527,Mateo Chu,Field Engineer,Engineering,27,Male,Asian,Chengdu,China
E01095,Isla Lai,Vice President,Finance,37,Female,Asian,Shanghai,China
E03131,Ezekiel Reed,Sr. Manger,IT,37,Male,Caucasian,Miami,United States
E01713,Nolan Guzman,Field Engineer,Engineering,46,Male,Latino,Sao Paulo,Brazil
E00128,Everleigh Espinoza,Director,Human Resources,54,Female,Latino,Austin,United States
E03849,Evelyn Jung,Analyst,Sales,30,Female,Asian,Beijing,China
E02464,Sophie Silva,Vice President,Engineering,28,Female,Latino,Rio de Janerio,Brazil
E00306,Mateo Williams,Enterprise Architect,IT,40,Male,Caucasian,Austin,United States
E03737,Kennedy Rahman,Vice President,Human Resources,49,Female,Asian,Chongqing,China
E02783,Levi Mendez,Vice President,Sales,39,Male,Latino,Rio de Janerio,Brazil
E02939,Julian Fong,Quality Engineer,Engineering,61,Male,Asian,Chongqing,China
E02706,Nevaeh Kang,Automation Engineer,Engineering,46,Female,Asian,Chengdu,China
E00170,Hannah Nelson,Sr. Analyst,Marketing,35,Female,Caucasian,Austin,United States
E01425,Anthony Rogers,Vice President,Engineering,33,Male,Caucasian,Columbus,United States
E00130,Paisley Kang,Vice President,Human Resources,61,Female,Asian,Beijing,China
E02094,Matthew Gupta,Network Engineer,IT,45,Male,Asian,Beijing,China
E03567,Silas Chavez,Technical Architect,IT,51,Male,Latino,Columbus,United States
E04682,Colton Thao,Manager,Human Resources,55,Male,Asian,Chongqing,China
E00957,Genesis Perry,Sr. Manger,Sales,46,Female,Caucasian,Columbus,United States
E04458,Alexander Bryant,Field Engineer,Engineering,30,Male,Caucasian,Seattle,United States
E01499,Elias Zhang,Solutions Architect,IT,54,Male,Asian,Beijing,China
E00521,Lily Carter,Network Architect,IT,54,Female,Caucasian,Phoenix,United States
E03717,Joseph Ruiz,Field Engineer,Engineering,45,Male,Latino,Sao Paulo,Brazil
E01533,Avery Bailey,Sr. Analyst,Sales,49,Female,Caucasian,Phoenix,United States
E04449,Miles Hsu,Analyst II,Finance,55,Male,Asian,Chengdu,China
E02855,Piper Cheng,Enterprise Architect,IT,62,Female,Asian,Miami,United States
E00816,Skylar Watson,Network Architect,IT,28,Female,Caucasian,Phoenix,United States
E02283,Jaxon Park,Network Architect,IT,33,Male,Asian,Chengdu,China
E04888,Elijah Henry,Manager,IT,32,Male,Caucasian,Miami,United States
E03907,Camila Watson,Vice President,Finance,32,Female,Caucasian,Austin,United States
E02166,Lucas Thomas,Manager,Accounting,55,Male,Caucasian,Miami,United States
E00431,Skylar Doan,Sr. Business Partner,Human Resources,58,Female,Asian,Seattle,United States
E01501,Hudson Liu,Engineering Manager,Engineering,34,Male,Asian,Miami,United States
E01141,Gianna Williams,Quality Engineer,Engineering,27,Female,Black,Chicago,United States
E02254,Jaxson Sandoval,Sr. Analyst,Sales,61,Male,Latino,Sao Paulo,Brazil
E04504,Jameson Alvarado,Enterprise Architect,IT,47,Male,Latino,Sao Paulo,Brazil
E03394,Joseph Ly,Vice President,Marketing,40,Male,Asian,Chongqing,China
E02942,Daniel Richardson,Director,Engineering,30,Male,Caucasian,Austin,United States
E04130,Elias Figueroa,Sr. Manger,Finance,45,Male,Latino,Phoenix,United States
E02848,Emma Brooks,Sr. Account Representative,Sales,30,Female,Caucasian,Austin,United States
E00085,Isla Wong,Vice President,Accounting,56,Female,Asian,Austin,United States
E03956,Everly Walker,Sr. Manger,Sales,62,Female,Caucasian,Austin,United States
E00672,Mila Pena,Sr. Business Partner,Human Resources,45,Female,Latino,Manaus,Brazil
E04618,Mason Zhao,Technical Architect,IT,46,Male,Asian,Chongqing,China
E03506,Jaxson Mai,Vice President,Human Resources,48,Male,Asian,Austin,United States
E00568,Ava Garza,Director,Accounting,27,Female,Latino,Phoenix,United States
E00535,Nathan Mendez,Manager,IT,53,Male,Latino,Austin,United States
E04630,Maria Griffin,Manager,Marketing,59,Female,Caucasian,Miami,United States
E00874,Alexander Choi,Manager,Marketing,55,Male,Asian,Chicago,United States
E01546,Maria Hong,Vice President,Finance,43,Female,Asian,Chongqing,China
E00941,Sophie Ali,Analyst,Finance,55,Female,Asian,Columbus,United States
E03446,Julian Ross,Manager,Marketing,51,Male,Caucasian,Miami,United States
E01361,Emma Hill,IT Coordinator,IT,54,Female,Caucasian,Miami,United States
E01631,Leilani Yee,Sr. Analyst,Marketing,47,Female,Asian,Chengdu,China
E03719,Jack Brown,Analyst,Marketing,55,Male,Caucasian,Phoenix,United States
E03269,Charlotte Chu,Network Engineer,IT,50,Female,Asian,Chengdu,China
E01037,Jeremiah Chu,IT Systems Architect,IT,31,Male,Asian,Shanghai,China
E00671,Miles Cho,Systems Analyst,IT,47,Male,Asian,Beijing,China
E02216,Caleb Marquez,IT Systems Architect,IT,29,Male,Latino,Rio de Janerio,Brazil
E02803,Eli Soto,Analyst,Marketing,38,Male,Latino,Rio de Janerio,Brazil
E01584,Carter Mejia,Sr. Manger,Human Resources,29,Male,Latino,Sao Paulo,Brazil
E02489,Ethan Clark,Sr. Business Partner,Human Resources,33,Male,Caucasian,Columbus,United States
E03189,Asher Jackson,Sr. Manger,Sales,50,Male,Caucasian,Columbus,United States
E03560,Ayla Ng,Account Representative,Sales,46,Female,Asian,Beijing,China
E00769,Jose Kang,Engineering Manager,Engineering,57,Male,Asian,Shanghai,China
E02791,Aubrey Romero,Director,Sales,49,Female,Latino,Phoenix,United States
E02333,Jaxson Wright,Service Desk Analyst,IT,54,Male,Black,Columbus,United States
E01002,Elias Ali,Manager,Sales,28,Male,Asian,Shanghai,China
E03520,Nolan Pena,Analyst,Marketing,30,Male,Latino,Sao Paulo,Brazil
E00752,Luna Liu,Vice President,Sales,36,Female,Asian,Shanghai,China
E00233,Brooklyn Reyes,Service Desk Analyst,IT,36,Female,Latino,Columbus,United States
E02639,Hadley Parker,Vice President,Marketing,30,Female,Black,Columbus,United States
E00697,Jonathan Chavez,System Administrator�,IT,29,Male,Latino,Seattle,United States
E02183,Sarah Ayala,Analyst,Sales,47,Female,Latino,Seattle,United States
E00715,Elijah Kang,Vice President,Engineering,35,Male,Asian,Seattle,United States
E04288,Ella White,Development Engineer,Engineering,25,Female,Caucasian,Phoenix,United States
E02421,Jordan Truong,Director,Engineering,45,Male,Asian,Miami,United States
E00523,Daniel Jordan,Network Administrator,IT,58,Male,Caucasian,Phoenix,United States
E03615,Daniel Dixon,Operations Engineer,Engineering,51,Male,Caucasian,Austin,United States
E02761,Luca Duong,Manager,Human Resources,48,Male,Asian,Chengdu,China
E02121,Levi Brown,Sr. Analyst,Sales,36,Male,Black,Chicago,United States
E01486,Mason Cho,Vice President,Accounting,59,Male,Asian,Chicago,United States
E00725,Nova Herrera,Account Representative,Sales,45,Female,Latino,Sao Paulo,Brazil
E03027,Elijah Watson,Sr. Manger,Sales,29,Male,Caucasian,Seattle,United States
E03689,Wesley Gray,Sr. Analyst,Accounting,62,Male,Caucasian,Seattle,United States
E01986,Wesley Sharma,Manager,IT,51,Male,Asian,Shanghai,China
E01286,Mateo Mendez,Development Engineer,Engineering,47,Male,Latino,Austin,United States
E01409,Jose Molina,Controls Engineer,Engineering,40,Male,Latino,Manaus,Brazil
E00626,Luna Simmons,Sr. Analyst,Finance,28,Female,Caucasian,Chicago,United States
E04342,Samantha Barnes,Vice President,Marketing,29,Female,Caucasian,Columbus,United States
E03904,Hunter Ortiz,Sr. Analyst,Finance,46,Male,Latino,Rio de Janerio,Brazil
E01291,Thomas Aguilar,Sr. Account Representative,Sales,45,Male,Latino,Phoenix,United States
E00917,Skylar Bell,Vice President,Engineering,30,Female,Caucasian,Columbus,United States
E01484,Anna Zhu,Service Desk Analyst,IT,48,Female,Asian,Beijing,China
E03864,Ella Hunter,Analyst,Finance,51,Female,Caucasian,Columbus,United States
E00488,Emery Hunter,Sr. Analyst,Sales,28,Female,Caucasian,Phoenix,United States
E02227,Sofia Parker,Cloud Infrastructure Architect,IT,36,Female,Caucasian,Chicago,United States
E04802,Lucy Fong,Sr. Account Representative,Sales,40,Female,Asian,Chengdu,China
E01970,Vivian Barnes,Director,Human Resources,51,Female,Caucasian,Phoenix,United States
E02813,Kai Chow,Engineering Manager,Engineering,45,Male,Asian,Austin,United States
E02031,Melody Cooper,Development Engineer,Engineering,44,Female,Caucasian,Austin,United States
E03252,James Bui,Manager,Finance,64,Male,Asian,Chongqing,China
E04871,Liam Grant,Sr. Business Partner,Human Resources,30,Male,Caucasian,Phoenix,United States
E03547,Owen Han,Analyst,Accounting,28,Male,Asian,Chongqing,China
E04742,Kinsley Vega,Vice President,Accounting,33,Female,Latino,Rio de Janerio,Brazil
E01070,Leonardo Martin,Manager,Finance,51,Male,Black,Chicago,United States
E04359,Greyson Lam,Vice President,Accounting,25,Male,Asian,Miami,United States
E03268,Emilia Rivera,Test Engineer,Engineering,42,Female,Latino,Miami,United States
E04035,Penelope Johnson,Sr. Analyst,Marketing,34,Female,Caucasian,Chicago,United States
E01221,Eva Figueroa,Analyst II,Sales,48,Female,Latino,Seattle,United States
E00276,Ezekiel Jordan,Sr. Manger,Accounting,33,Male,Caucasian,Columbus,United States
E01687,Luke Mai,HRIS Analyst,Human Resources,41,Male,Asian,Beijing,China
E02844,Charles Diaz,Sr. Manger,Sales,55,Male,Latino,Sao Paulo,Brazil
E01263,Adam Espinoza,Test Engineer,Engineering,36,Male,Latino,Seattle,United States
E00119,Jack Maldonado,Director,Engineering,31,Male,Latino,Sao Paulo,Brazil
E03935,Cora Jiang,Vice President,IT,53,Female,Asian,Austin,United States
E00742,Cooper Mitchell,Manager,Sales,43,Male,Caucasian,Seattle,United States
E02810,Layla Torres,Sr. Manger,Finance,37,Female,Latino,Rio de Janerio,Brazil
E01860,Jack Edwards,Manager,Marketing,38,Male,Caucasian,Columbus,United States
E04890,Eleanor Chan,Sr. Manger,Accounting,49,Female,Asian,Shanghai,China
E02285,Aria Xi,Director,Sales,45,Female,Asian,Seattle,United States
E00842,John Vega,Vice President,Finance,50,Male,Latino,Rio de Janerio,Brazil
E01271,Luke Munoz,Director,Engineering,64,Male,Latino,Manaus,Brazil
E01921,Sarah Daniels,Sr. Manger,Accounting,55,Female,Caucasian,Miami,United States
E03664,Aria Castro,Engineering Manager,Engineering,45,Female,Latino,Rio de Janerio,Brazil
E00813,Autumn Joseph,Enterprise Architect,IT,39,Female,Black,Miami,United States
E00870,Evelyn Liang,Service Desk Analyst,IT,40,Female,Asian,Seattle,United States
E04167,Henry Alvarez,Sr. Business Partner,Human Resources,48,Male,Latino,Manaus,Brazil
E00245,Benjamin Delgado,Test Engineer,Engineering,64,Male,Latino,Austin,United States
E00976,Zoe Rodriguez,Director,Human Resources,65,Female,Latino,Phoenix,United States
E04112,Axel Chu,Systems Analyst,IT,43,Male,Asian,Beijing,China
E01807,Cameron Evans,Test Engineer,Engineering,50,Male,Caucasian,Columbus,United States
E04103,Isabella Soto,Vice President,Finance,27,Female,Latino,Sao Paulo,Brazil
E01412,Eva Jenkins,Sr. Manger,Human Resources,55,Female,Black,Chicago,United States
E04386,Cameron Powell,Business Partner,Human Resources,41,Male,Black,Austin,United States
E01232,Samantha Foster,Vice President,Human Resources,34,Female,Black,Austin,United States
E04572,Jade Li,Director,IT,47,Female,Asian,Seattle,United States
E02747,Kinsley Acosta,Vice President,IT,32,Female,Latino,Chicago,United States
E01064,Clara Kang,Sr. Manger,IT,39,Female,Asian,Phoenix,United States
E00178,Harper Alexander,Sr. Analyst,Sales,26,Female,Caucasian,Phoenix,United States
E01091,Carter Reed,Development Engineer,Engineering,40,Male,Black,Seattle,United States
E01525,Charlotte Ruiz,Computer Systems Manager,IT,32,Female,Latino,Rio de Janerio,Brazil
E01309,Everleigh Jiang,Director,Accounting,58,Female,Asian,Columbus,United States
E02378,Audrey Smith,Field Engineer,Engineering,58,Female,Caucasian,Columbus,United States
E04127,Emery Acosta,Vice President,Sales,42,Female,Latino,Columbus,United States
E02072,Charles Robinson,HRIS Analyst,Human Resources,26,Male,Caucasian,Seattle,United States
E02555,Landon Lopez,Sr. Analyst,Accounting,38,Male,Latino,Sao Paulo,Brazil
E00187,Miles Mehta,Director,Finance,64,Male,Asian,Miami,United States
E04332,Ezra Simmons,Automation Engineer,Engineering,38,Male,Caucasian,Phoenix,United States
E02062,Nora Santiago,Analyst,Accounting,55,Female,Latino,Rio de Janerio,Brazil
E00034,Caroline Herrera,Sr. Manger,Marketing,45,Female,Latino,Rio de Janerio,Brazil
E00273,David Owens,Sr. Analyst,Sales,43,Male,Black,Austin,United States
E00691,Avery Yee,Systems Analyst,IT,34,Female,Asian,Miami,United States
E01403,Xavier Park,Vice President,IT,40,Male,Asian,Chengdu,China
E03438,Asher Morales,Automation Engineer,Engineering,52,Male,Latino,Sao Paulo,Brazil
E04136,Mason Cao,Analyst II,Finance,52,Male,Asian,Beijing,China
E02944,Joshua Fong,Vice President,Engineering,47,Male,Asian,Beijing,China
E03300,Maria Chin,Analyst,Marketing,65,Female,Asian,Beijing,China
E00078,Eva Garcia,HRIS Analyst,Human Resources,31,Female,Latino,Manaus,Brazil
E00825,Anna Molina,Sr. Analyst,Accounting,41,Female,Latino,Columbus,United States
E04972,Logan Bryant,Sr. Manger,Marketing,30,Male,Caucasian,Miami,United States
E03941,Isla Han,Technical Architect,IT,58,Female,Asian,Chicago,United States
E02148,Christopher Vega,Engineering Manager,Engineering,54,Male,Latino,Chicago,United States
E02252,Lillian Park,Analyst,Marketing,40,Female,Asian,Chengdu,China
E03096,Kennedy Zhang,Director,Finance,63,Female,Asian,Chongqing,China
E04800,Eli Han,Sr. Analyst,Accounting,40,Male,Asian,Chengdu,China
E02838,Julia Pham,Engineering Manager,Engineering,65,Female,Asian,Shanghai,China
E02980,Hailey Shin,Director,Human Resources,57,Female,Asian,Shanghai,China
E04477,Connor Grant,Sr. Analyst,Accounting,27,Male,Caucasian,Seattle,United States
E04348,Natalia Owens,Manager,Human Resources,31,Female,Caucasian,Austin,United States
E01638,Maria He,IT Systems Architect,IT,45,Female,Asian,Beijing,China
E03419,Jade Yi,Account Representative,Sales,47,Female,Asian,Chongqing,China
E04222,Quinn Xiong,Test Engineer,Engineering,55,Female,Asian,Columbus,United States
E04126,Dominic Baker,Sr. Analyst,Accounting,51,Male,Black,Chicago,United States
E01896,Adam Nelson,Director,Finance,25,Male,Caucasian,Chicago,United States
E03018,Autumn Reed,Development Engineer,Engineering,37,Female,Caucasian,Miami,United States
E03325,Robert Edwards,HRIS Analyst,Human Resources,62,Male,Caucasian,Seattle,United States
E04037,Roman Martinez,Sr. Manger,Finance,31,Male,Latino,Manaus,Brazil
E01902,Eleanor Li,Sr. Manger,Human Resources,64,Female,Asian,Chicago,United States
E01466,Connor Vang,Analyst,Sales,25,Male,Asian,Miami,United States
E02038,Ellie Chung,Sr. Manger,Marketing,59,Female,Asian,Chongqing,China
E03474,Violet Hall,Solutions Architect,IT,40,Female,Caucasian,Chicago,United States
E02744,Dylan Padilla,HRIS Analyst,Human Resources,31,Male,Latino,Seattle,United States
E00702,Nathan Pham,Sr. Manger,Accounting,45,Male,Asian,Seattle,United States
E03081,Ayla Brown,Sr. Manger,Sales,49,Female,Caucasian,Phoenix,United States
E01281,Isaac Mitchell,Network Architect,IT,46,Male,Black,Austin,United States
E04029,Jayden Jimenez,Manager,Human Resources,46,Male,Latino,Rio de Janerio,Brazil
E01116,Jaxon Tran,Sr. Manger,Sales,45,Male,Asian,Shanghai,China
E01753,Connor Fong,Manager,Accounting,40,Male,Asian,Seattle,United States
E04072,Emery Mitchell,Vice President,Finance,48,Female,Caucasian,Seattle,United States
E00672,Landon Luu,Vice President,IT,31,Male,Asian,Miami,United States
E04419,Sophia Ahmed,Sr. Manger,Sales,30,Female,Asian,Seattle,United States
E00467,Sofia Dinh,Operations Engineer,Engineering,55,Female,Asian,Chicago,United States
E00365,Jonathan Patel,Manager,Marketing,28,Male,Asian,Shanghai,China
E00306,Piper Patterson,Quality Engineer,Engineering,45,Female,Caucasian,Chicago,United States
E03292,Cora Evans,Computer Systems Manager,IT,45,Female,Black,Austin,United States
E04779,Cameron Young,Vice President,Engineering,63,Male,Caucasian,Seattle,United States
E00501,Melody Ho,Analyst II,Finance,55,Female,Asian,Columbus,United States
E01132,Aiden Bryant,Account Representative,Sales,47,Male,Black,Columbus,United States
E00556,Grayson Walker,Director,Accounting,29,Male,Caucasian,Seattle,United States
E00311,Scarlett Figueroa,Business Partner,Human Resources,34,Female,Latino,Miami,United States
E04567,Madeline Hoang,Systems Analyst,IT,28,Female,Asian,Chengdu,China
E04378,Ezra Simmons,Network Administrator,IT,31,Male,Black,Austin,United States
E03251,Ruby Medina,Director,Sales,50,Female,Latino,Seattle,United States
E03167,Luke Zheng,Director,Human Resources,39,Male,Asian,Beijing,China
E03347,Rylee Dinh,Development Engineer,Engineering,35,Female,Asian,Chongqing,China
E03908,Miles Evans,Network Architect,IT,54,Male,Caucasian,Miami,United States
E01351,Leo Owens,Systems Analyst,IT,47,Male,Caucasian,Seattle,United States
E02681,Caroline Owens,Director,IT,26,Female,Caucasian,Phoenix,United States
E03807,Kennedy Do,Computer Systems Manager,IT,42,Female,Asian,Phoenix,United States
E00422,Jade Acosta,Development Engineer,Engineering,47,Female,Latino,Seattle,United States
E00265,Mila Vasquez,Quality Engineer,Engineering,60,Female,Latino,Columbus,United States
E04601,Allison Ayala,Analyst,Finance,36,Female,Latino,Austin,United States
E04816,Jace Zhang,Service Desk Analyst,IT,31,Male,Asian,Chengdu,China
E02147,Allison Medina,Manager,Finance,55,Female,Latino,Sao Paulo,Brazil
E02914,Maria Wilson,Vice President,Engineering,51,Female,Caucasian,Columbus,United States
E03268,Everly Coleman,Vice President,IT,48,Female,Caucasian,Columbus,United States
E03972,Jordan Gomez,Sr. Analyst,Accounting,58,Male,Latino,Rio de Janerio,Brazil
E02189,Isla Chavez,Account Representative,Sales,29,Female,Latino,Rio de Janerio,Brazil
E04290,Hannah Gomez,Technical Architect,IT,25,Female,Latino,Miami,United States
E03630,Jacob Davis,Director,Accounting,36,Male,Caucasian,Chicago,United States
E00432,Eli Gupta,Director,Human Resources,37,Male,Asian,Beijing,China
E03045,Andrew Huynh,Business Partner,Human Resources,57,Male,Asian,Miami,United States
E01924,Anna Gutierrez,Director,Engineering,59,Female,Latino,Sao Paulo,Brazil
E04877,Samuel Vega,Analyst II,Marketing,37,Male,Latino,Miami,United States
E02770,Liliana Do,Service Desk Analyst,IT,30,Female,Asian,Chengdu,China
E04590,Isaac Sanders,HRIS Analyst,Human Resources,49,Male,Caucasian,Miami,United States
E01977,Raelynn Gupta,Sr. Manger,Finance,48,Female,Asian,Chongqing,China
E01378,Genesis Xiong,System Administrator�,IT,51,Female,Asian,Columbus,United States
E04224,Lucas Ramos,Sr. Business Partner,Human Resources,56,Male,Latino,Phoenix,United States
E03423,Santiago f Gonzalez,Manager,Sales,36,Male,Latino,Seattle,United States
E01584,Henry Zhu,Vice President,Marketing,38,Male,Asian,Austin,United States
E00788,Emily Contreras,Analyst II,Sales,56,Female,Latino,Sao Paulo,Brazil
E00207,Hailey Lai,Vice President,Human Resources,52,Female,Asian,Chengdu,China
E00834,Vivian Guzman,Analyst II,Finance,53,Female,Latino,Phoenix,United States
E04571,Hadley Contreras,Director,Engineering,60,Female,Latino,Austin,United States
E02652,Nathan Sun,Manager,Accounting,63,Male,Asian,Shanghai,China
E02693,Grace Campos,Director,Engineering,37,Female,Latino,Manaus,Brazil
E03359,Autumn Ortiz,Field Engineer,Engineering,30,Female,Latino,Sao Paulo,Brazil
E00399,Connor Walker,Analyst II,Finance,30,Male,Caucasian,Columbus,United States
E02971,Mia Wu,Enterprise Architect,IT,45,Female,Asian,Beijing,China
E03327,Julia Luong,Sr. Manger,Accounting,55,Female,Asian,Chongqing,China
E00900,Eleanor Delgado,Sr. Analyst,Marketing,33,Female,Latino,Sao Paulo,Brazil
E00836,Addison Roberts,Network Architect,IT,65,Female,Caucasian,Seattle,United States
E03854,Camila Li,Sr. Manger,IT,60,Female,Asian,Shanghai,China
E04729,Ezekiel Fong,Vice President,Sales,56,Male,Asian,Shanghai,China
E00360,Dylan Thao,Director,Engineering,53,Male,Asian,Seattle,United States
E02284,Josephine Salazar,Field Engineer,Engineering,36,Female,Latino,Sao Paulo,Brazil
E00181,Genesis Hu,Sr. Analyst,Marketing,46,Female,Asian,Beijing,China
E04168,Mila Juarez,Manager,Sales,38,Female,Latino,Sao Paulo,Brazil
E02861,Daniel Perry,Enterprise Architect,IT,62,Male,Caucasian,Columbus,United States
E01357,Paisley Hunter,Engineering Manager,Engineering,61,Female,Caucasian,Chicago,United States
E04387,Everleigh White,Network Architect,IT,59,Female,Caucasian,Phoenix,United States
E03090,Penelope Choi,Technical Architect,IT,49,Female,Asian,Beijing,China
E03591,Piper Sun,Director,Marketing,64,Female,Asian,Seattle,United States
E03328,Lucy Johnson,Manager,IT,57,Female,Caucasian,Columbus,United States
E04937,Ian Ngo,Manager,Sales,52,Male,Asian,Phoenix,United States
E00515,Joseph Vazquez,Sr. Manger,Accounting,40,Male,Latino,Miami,United States
E01241,Hadley Guerrero,Sr. Manger,IT,49,Female,Latino,Sao Paulo,Brazil
E03255,Jose Brown,System Administrator�,IT,43,Male,Caucasian,Seattle,United States
E01711,Benjamin Ford,Analyst II,Finance,31,Male,Caucasian,Phoenix,United States
E00500,Henry Shah,Director,Accounting,55,Male,Asian,Chengdu,China
E04972,Ivy Daniels,Sr. Manger,Human Resources,41,Female,Caucasian,Columbus,United States
E02728,Thomas Chang,Sr. Analyst,Accounting,34,Male,Asian,Beijing,China
E04749,Caroline Phan,Sr. Manger,Finance,41,Female,Asian,Austin,United States
E02023,Maverick Mehta,Systems Analyst,IT,40,Male,Asian,Seattle,United States
E03166,Austin Edwards,IT Coordinator,IT,42,Male,Black,Chicago,United States
E02599,Daniel Huang,Vice President,Human Resources,31,Male,Asian,Columbus,United States
E01014,Lucas Phan,Director,Marketing,49,Male,Asian,Chongqing,China
E04529,Gabriel Yu,Technical Architect,IT,42,Male,Asian,Chongqing,China
E00085,Mason Watson,Sr. Manger,IT,46,Male,Caucasian,Chicago,United States
E00632,Angel Chang,Network Architect,IT,37,Male,Asian,Shanghai,China
E02108,Madeline Coleman,Sr. Manger,Finance,51,Female,Caucasian,Chicago,United States
E03802,Thomas Vazquez,Director,Engineering,46,Male,Latino,Sao Paulo,Brazil
E03685,Silas Hunter,Solutions Architect,IT,55,Male,Black,Chicago,United States
E01089,Nicholas Brooks,Analyst II,Accounting,43,Male,Caucasian,Phoenix,United States
E03988,Dominic Thomas,Analyst II,Marketing,48,Male,Caucasian,Austin,United States
E00401,Wesley Adams,System Administrator�,IT,48,Male,Caucasian,Seattle,United States
E03429,Ian Wu,Sr. Analyst,Marketing,51,Male,Asian,Chengdu,China
E02417,Alice Young,Automation Engineer,Engineering,46,Female,Caucasian,Chicago,United States
E00359,Logan Carrillo,Sr. Analyst,Marketing,33,Male,Latino,Miami,United States
E02044,Caroline Alexander,Business Partner,Human Resources,42,Female,Black,Columbus,United States
E01479,Serenity Bailey,IT Systems Architect,IT,55,Female,Caucasian,Chicago,United States
E04962,Elena Tan,Vice President,Engineering,50,Female,Asian,Chongqing,China
E02769,Eliza Adams,Account Representative,Sales,26,Female,Caucasian,Chicago,United States
E03893,Alice Xiong,Vice President,Engineering,55,Female,Asian,Chengdu,China
E00553,Isla Yoon,Quality Engineer,Engineering,50,Female,Asian,Austin,United States
E03540,Emma Perry,Solutions Architect,IT,28,Female,Caucasian,Seattle,United States
E02769,Riley Marquez,Sr. Manger,Finance,39,Female,Latino,Chicago,United States
E03277,Caroline Hu,Sr. Manger,Marketing,31,Female,Asian,Shanghai,China
E04194,Madison Kumar,Director,Accounting,55,Female,Asian,Chengdu,China
E01807,Matthew Lim,Sr. Analyst,Sales,52,Male,Asian,Seattle,United States
E01762,Maya Ngo,Manager,Sales,55,Female,Asian,Columbus,United States
E02632,Alice Soto,Analyst,Accounting,56,Female,Latino,Manaus,Brazil
E04226,Andrew Moore,Operations Engineer,Engineering,47,Male,Caucasian,Chicago,United States
E04101,Olivia Harris,Director,Sales,63,Female,Caucasian,Columbus,United States
E01981,Genesis Banks,Analyst,Finance,63,Female,Caucasian,Chicago,United States
E02534,Victoria Johnson,Sr. Manger,Accounting,55,Female,Caucasian,Columbus,United States
E01238,Eloise Griffin,Director,Sales,55,Female,Caucasian,Austin,United States
E01118,Roman Yang,Manager,Human Resources,42,Male,Asian,Phoenix,United States
E04041,Clara Huynh,IT Coordinator,IT,39,Female,Asian,Shanghai,China
E04308,Kai Flores,Development Engineer,Engineering,35,Male,Latino,Seattle,United States
E01052,Jaxson Dinh,Sr. Manger,Marketing,45,Male,Asian,Shanghai,China
E04165,Sophie Vang,Sr. Manger,Marketing,25,Female,Asian,Chongqing,China
E02295,Axel Jordan,Analyst,Sales,47,Male,Caucasian,Chicago,United States
E04546,Jade Hunter,Cloud Infrastructure Architect,IT,42,Female,Caucasian,Columbus,United States
E04217,Lydia Williams,System Administrator�,IT,35,Female,Black,Chicago,United States
E00650,Emery Chang,Business Partner,Human Resources,45,Female,Asian,Chengdu,China
E00344,Savannah He,Director,IT,52,Female,Asian,Beijing,China
E04645,Elias Ahmed,Vice President,Marketing,57,Male,Asian,Chicago,United States
E03880,Samantha Woods,Analyst,Accounting,56,Female,Caucasian,Phoenix,United States
E02730,Axel Soto,Quality Engineer,Engineering,46,Male,Latino,Rio de Janerio,Brazil
E04517,Amelia Choi,Manager,Marketing,43,Female,Asian,Miami,United States
E00965,Jacob Khan,Computer Systems Manager,IT,53,Male,Asian,Shanghai,China
E04639,Luna Taylor,Network Administrator,IT,47,Female,Caucasian,Seattle,United States
E00465,Dominic Parker,Test Engineer,Engineering,62,Male,Caucasian,Seattle,United States
E03058,Angel Xiong,Vice President,IT,35,Male,Asian,Shanghai,China
E02337,Emma Cao,Analyst,Accounting,27,Female,Asian,Chongqing,China
E04927,Ezekiel Bryant,Sr. Analyst,Finance,55,Male,Caucasian,Miami,United States
E03799,Natalie Hwang,Sr. Analyst,Finance,63,Female,Asian,Phoenix,United States
E04538,Adeline Yang,Cloud Infrastructure Architect,IT,53,Female,Asian,Chongqing,China
E02633,Allison Roberts,Vice President,Sales,54,Female,Black,Columbus,United States
E02965,Andrew Do,Sr. Manger,Finance,43,Male,Asian,Seattle,United States
E04345,Eliana Grant,Engineering Manager,Engineering,64,Female,Caucasian,Chicago,United States
E02895,Mila Soto,Director,Finance,65,Female,Latino,Manaus,Brazil
E01132,Gabriella Johnson,Computer Systems Manager,IT,42,Female,Caucasian,Seattle,United States
E00758,Jonathan Khan,Account Representative,Sales,35,Male,Asian,Shanghai,China
E03750,Elias Dang,Director,Engineering,64,Male,Asian,Chengdu,China
E00144,Theodore Ngo,Controls Engineer,Engineering,55,Male,Asian,Beijing,China
E02943,Bella Lopez,Sr. Analyst,Marketing,32,Female,Latino,Chicago,United States
E03901,Luca Truong,Director,Marketing,45,Male,Asian,Chongqing,China
E03461,Nathan Lau,Business Partner,Human Resources,35,Male,Asian,Austin,United States
E03490,Henry Campos,Sr. Manger,Human Resources,38,Male,Latino,Phoenix,United States
E04466,Connor Bell,Network Administrator,IT,54,Male,Black,Austin,United States
E03226,Angel Stewart,Vice President,Finance,28,Male,Caucasian,Seattle,United States
E04607,Landon Brown,Vice President,Marketing,26,Male,Caucasian,Columbus,United States
E02678,Nicholas Rivera,Director,Engineering,45,Male,Latino,Sao Paulo,Brazil
E02190,Gabriel Carter,Test Engineer,Engineering,57,Male,Caucasian,Columbus,United States
E00747,Leilani Baker,Technical Architect,IT,59,Female,Caucasian,Seattle,United States
E00268,Ian Flores,Director,Engineering,48,Male,Latino,Rio de Janerio,Brazil
E01416,Hudson Thompson,Analyst II,Accounting,30,Male,Black,Phoenix,United States
E01524,Ian Miller,Computer Systems Manager,IT,31,Male,Black,Austin,United States
E03849,Harper Chin,Quality Engineer,Engineering,50,Female,Asian,Shanghai,China
E02801,Santiago f Brooks,Sr. Manger,Sales,51,Male,Black,Phoenix,United States
E04155,Dylan Dominguez,Sr. Analyst,Marketing,42,Male,Latino,Rio de Janerio,Brazil
E01952,Everett Lee,Network Administrator,IT,45,Male,Asian,Columbus,United States
E00116,Madelyn Mehta,Analyst,Sales,64,Female,Asian,Phoenix,United States
E04811,Athena Vasquez,Field Engineer,Engineering,59,Female,Latino,Rio de Janerio,Brazil
E00624,William Watson,Director,Accounting,41,Male,Caucasian,Miami,United States
E03404,Everleigh Nunez,Field Engineer,Engineering,42,Female,Latino,Manaus,Brazil
E01845,Leo Fernandez,Manager,Finance,54,Male,Latino,Sao Paulo,Brazil
E04784,Joshua Lin,Technical Architect,IT,37,Male,Asian,Beijing,China
E00145,Alexander Rivera,Sr. Analyst,Sales,58,Male,Latino,Manaus,Brazil
E00218,David Desai,Vice President,Sales,47,Male,Asian,Austin,United States
E02185,Aubrey Yoon,Sr. Business Partner,Human Resources,60,Female,Asian,Chongqing,China
E01070,Grayson Brown,Vice President,IT,38,Male,Caucasian,Chicago,United States
E03807,Noah Chen,Sr. Manger,Marketing,63,Male,Asian,Beijing,China
E00784,Ella Nguyen,Service Desk Analyst,IT,60,Female,Asian,Chongqing,China
E04925,Athena Jordan,System Administrator�,IT,42,Female,Black,Seattle,United States
E04448,Adrian Ruiz,Sr. Analyst,Finance,34,Male,Latino,Sao Paulo,Brazil
E04817,Zoe Sanchez,Sr. Analyst,Accounting,53,Female,Latino,Sao Paulo,Brazil
E00325,Jameson Chen,Vice President,Marketing,39,Male,Asian,Shanghai,China
E00403,Liliana Soto,Business Partner,Human Resources,58,Female,Latino,Austin,United States
E00436,Lincoln Reyes,Computer Systems Manager,IT,60,Male,Latino,Seattle,United States
E04358,Grayson Soto,Business Partner,Human Resources,34,Male,Latino,Columbus,United States
E04662,Julia Morris,Sr. Manger,Human Resources,60,Female,Caucasian,Phoenix,United States
E01496,Ava Ortiz,Enterprise Architect,IT,53,Female,Latino,Columbus,United States
E01870,Carson Chau,Director,Finance,58,Male,Asian,Chongqing,China
E03971,Lillian Chen,Sr. Manger,Marketing,25,Female,Asian,Columbus,United States
E03616,Josiah Lewis,Manager,IT,46,Male,Caucasian,Austin,United States
E00153,Claire Jones,Field Engineer,Engineering,39,Female,Caucasian,Seattle,United States
E02313,Jeremiah Lu,Network Architect,IT,50,Male,Asian,Shanghai,China
E02960,Nova Hill,Sr. Analyst,Accounting,56,Female,Caucasian,Chicago,United States
E00096,Peyton Cruz,Development Engineer,Engineering,30,Female,Latino,Sao Paulo,Brazil
E02140,Naomi Zhao,Vice President,Human Resources,45,Female,Asian,Miami,United States
E00826,Rylee Bui,Analyst,Accounting,55,Female,Asian,Chongqing,China
E03881,Andrew Reed,System Administrator�,IT,28,Male,Black,Miami,United States
E02604,Brooklyn Collins,Sr. Manger,Finance,59,Female,Black,Austin,United States
E02613,John Jung,Sr. Analyst,Sales,63,Male,Asian,Shanghai,China
E00864,Samantha Aguilar,Manager,Accounting,46,Female,Latino,Seattle,United States
E01760,Madeline Acosta,Sr. Account Representative,Sales,26,Female,Latino,Sao Paulo,Brazil
E03223,Ethan Joseph,IT Coordinator,IT,45,Male,Caucasian,Columbus,United States
E01262,Miles Mehta,Manager,Finance,50,Male,Asian,Chongqing,China
E01075,Joshua Juarez,Analyst II,Finance,46,Male,Latino,Sao Paulo,Brazil
E00364,Matthew Howard,Director,Human Resources,50,Male,Caucasian,Columbus,United States
E04108,Jade Figueroa,Sr. Analyst,Sales,33,Female,Latino,Rio de Janerio,Brazil
E02917,Everett Morales,Solutions Architect,IT,57,Male,Latino,Rio de Janerio,Brazil
E03720,Genesis Hunter,Manager,Finance,48,Female,Caucasian,Chicago,United States
E03393,Henry Figueroa,Sr. Manger,Finance,46,Male,Latino,Manaus,Brazil
E02977,Nicholas Song,Analyst II,Marketing,52,Male,Asian,Chengdu,China
E03371,Jack Alexander,Vice President,IT,56,Male,Caucasian,Miami,United States
E02531,Jameson Foster,Analyst,Marketing,28,Male,Caucasian,Columbus,United States
E02473,Leonardo Lo,Quality Engineer,Engineering,29,Male,Asian,Chongqing,China
E02468,Ella Huang,Vice President,Marketing,45,Female,Asian,Chicago,United States
E01499,Liam Jordan,Computer Systems Manager,IT,28,Male,Caucasian,Phoenix,United States
E03697,Isaac Woods,Manager,Sales,28,Male,Caucasian,Miami,United States
E00593,Luke Wilson,Solutions Architect,IT,34,Male,Caucasian,Miami,United States
E01103,Lyla Alvarez,IT Systems Architect,IT,55,Female,Latino,Phoenix,United States
E03889,Caleb Flores,Manager,Human Resources,34,Male,Latino,Rio de Janerio,Brazil
E01958,Angel Lin,Network Administrator,IT,27,Male,Asian,Chicago,United States
E01870,Easton Moore,Computer Systems Manager,IT,52,Male,Caucasian,Seattle,United States
E01167,Kinsley Collins,Automation Engineer,Engineering,28,Female,Caucasian,Phoenix,United States
E00099,Brooklyn Salazar,IT Systems Architect,IT,44,Female,Latino,Austin,United States
E00044,Scarlett Jenkins,Vice President,IT,53,Female,Caucasian,Miami,United States
E00711,Melody Chin,Sr. Manger,Finance,43,Female,Asian,Chicago,United States
E04795,Eloise Alexander,Vice President,Human Resources,28,Female,Black,Seattle,United States
E03912,Carter Turner,Sr. Analyst,Marketing,33,Male,Caucasian,Phoenix,United States
E02103,Andrew Ma,HRIS Analyst,Human Resources,31,Male,Asian,Chongqing,China
E04213,Hailey Xi,Manager,Accounting,52,Female,Asian,Chongqing,China
E04756,Aiden Le,Cloud Infrastructure Architect,IT,55,Male,Asian,Austin,United States
E04114,Christopher Lim,Director,IT,55,Male,Asian,Shanghai,China
E01423,James Castillo,Vice President,IT,51,Male,Latino,Manaus,Brazil
E03181,Greyson Dang,Development Engineer,Engineering,60,Male,Asian,Beijing,China
E03305,Hannah King,Manager,Accounting,31,Female,Caucasian,Chicago,United States
E00703,Wesley Dominguez,Engineering Manager,Engineering,45,Male,Latino,Chicago,United States
E04403,Dominic Hu,Manager,Accounting,34,Male,Asian,Shanghai,China
E00103,Nora Park,Director,Accounting,29,Female,Asian,Columbus,United States
E04487,Audrey Hwang,Sr. Analyst,Accounting,45,Female,Asian,Beijing,China
E01194,Ella Jenkins,Analyst II,Finance,52,Female,Caucasian,Phoenix,United States
E02179,Peyton Owens,Controls Engineer,Engineering,48,Female,Caucasian,Chicago,United States
E04242,Alice Lopez,Test Engineer,Engineering,48,Female,Latino,Seattle,United States
E01371,Dominic Le,Vice President,Marketing,41,Male,Asian,Chongqing,China
E03065,Ezra Ortiz,Quality Engineer,Engineering,41,Male,Latino,Miami,United States
E01377,Grayson Luu,Quality Engineer,Engineering,55,Male,Asian,Shanghai,China
E03097,Brooks Stewart,HRIS Analyst,Human Resources,45,Male,Black,Columbus,United States
E01668,Naomi Xi,Director,Finance,53,Female,Asian,Chongqing,China
E03354,Silas Estrada,IT Systems Architect,IT,49,Male,Latino,Rio de Janerio,Brazil
E02088,Skylar Ayala,Sr. Manger,Finance,55,Female,Latino,Phoenix,United States
E03980,Lydia Huynh,Account Representative,Sales,45,Female,Asian,Chicago,United States
E00972,Hazel Cortez,HRIS Analyst,Human Resources,52,Female,Latino,Sao Paulo,Brazil
E00824,Everleigh Adams,Analyst II,Marketing,33,Female,Caucasian,Chicago,United States
E04359,Layla Salazar,Solutions Architect,IT,59,Female,Latino,Seattle,United States
E03113,Willow Chen,Manager,Accounting,50,Female,Asian,Austin,United States
E01488,Penelope Griffin,Director,Sales,61,Female,Caucasian,Seattle,United States
E01787,Lillian Romero,Director,Engineering,27,Female,Latino,Austin,United States
E03550,Stella Wu,Sr. Manger,Marketing,35,Female,Asian,Phoenix,United States
E01052,Parker Vang,Analyst,Sales,40,Male,Asian,Miami,United States
E04799,Mila Roberts,Sr. Business Partner,Human Resources,30,Female,Caucasian,Phoenix,United States
E03402,Isaac Liu,Field Engineer,Engineering,60,Male,Asian,Chongqing,China
E04128,Jacob Doan,Analyst II,Sales,55,Male,Asian,Miami,United States
E00013,Raelynn Ma,Sr. Analyst,Finance,33,Female,Asian,Miami,United States
E03114,Jameson Juarez,Development Engineer,Engineering,62,Male,Latino,Miami,United States
E04004,Everleigh Shah,Test Engineer,Engineering,36,Female,Asian,Columbus,United States
E04472,Alexander Foster,Analyst II,Marketing,35,Male,Black,Columbus,United States
E00161,Ryan Ha,Vice President,Marketing,60,Male,Asian,Miami,United States
E04417,Chloe Salazar,Sr. Manger,Human Resources,45,Female,Latino,Seattle,United States
E04536,Layla Scott,Sr. Manger,Accounting,48,Female,Caucasian,Phoenix,United States
E02534,Leah Khan,Director,Marketing,36,Female,Asian,Chongqing,China
E02857,Mason Jimenez,Sr. Manger,Finance,44,Male,Latino,Austin,United States
E03059,Hailey Dang,Manager,Marketing,64,Female,Asian,Shanghai,China
E02477,Amelia Bui,Director,Engineering,46,Female,Asian,Chengdu,China
E00022,Elena Her,Account Representative,Sales,62,Female,Asian,Chongqing,China
E03370,Ian Cortez,Analyst II,Marketing,61,Male,Latino,Rio de Janerio,Brazil
E00555,Christian Ali,Analyst II,Marketing,65,Male,Asian,Chongqing,China
E03160,Carter Ortiz,Quality Engineer,Engineering,54,Male,Latino,Sao Paulo,Brazil
E03919,Grayson Chan,Engineering Manager,Engineering,46,Male,Asian,Chengdu,China
E01724,Nolan Molina,Computer Systems Manager,IT,36,Male,Latino,Manaus,Brazil
E04087,Adam Kaur,Manager,IT,60,Male,Asian,Chengdu,China
E02856,Amelia Kaur,Operations Engineer,Engineering,30,Female,Asian,Columbus,United States
E03805,Autumn Gonzales,Analyst II,Sales,34,Female,Latino,Manaus,Brazil
E00319,Ezra Wilson,Service Desk Analyst,IT,55,Male,Caucasian,Miami,United States
E01090,Jacob Cheng,Quality Engineer,Engineering,59,Male,Asian,Miami,United States
E04323,Melody Valdez,Director,IT,28,Female,Latino,Miami,United States
E02687,Caroline Nelson,Vice President,Finance,36,Female,Caucasian,Chicago,United States
E01407,Ellie Guerrero,Sr. Manger,Human Resources,29,Female,Latino,Manaus,Brazil
E02748,Genesis Zhu,Director,Finance,34,Female,Asian,Seattle,United States
E01995,Jonathan Ho,Vice President,IT,37,Male,Asian,Columbus,United States
E01714,Savannah Park,HRIS Analyst,Human Resources,44,Female,Asian,Seattle,United States
E04491,Nathan Chan,Cloud Infrastructure Architect,IT,45,Male,Asian,Seattle,United States
E01076,Sofia Vu,Sr. Manger,Human Resources,52,Female,Asian,Austin,United States
E04131,Ruby Choi,Analyst,Accounting,40,Female,Asian,Columbus,United States
E02843,Lily Pena,Manager,Human Resources,55,Female,Latino,Miami,United States
E03758,Liam Zhang,Director,Marketing,29,Male,Asian,Chicago,United States
E02063,Ian Gutierrez,Sr. Business Partner,Human Resources,32,Male,Latino,Rio de Janerio,Brazil
E00638,David Simmons,Manager,Marketing,51,Male,Caucasian,Phoenix,United States
E03571,Lincoln Henderson,Business Partner,Human Resources,28,Male,Caucasian,Chicago,United States
E01820,Nathan Miller,Quality Engineer,Engineering,27,Male,Black,Miami,United States
E01712,James Singh,Director,Marketing,45,Male,Asian,Chongqing,China
E00184,Kayden Ortega,Analyst,Accounting,58,Male,Latino,Rio de Janerio,Brazil
E02706,Lucy Figueroa,Sr. Manger,Finance,45,Female,Latino,Columbus,United States
E02899,Joshua Cortez,Sr. Manger,Finance,44,Male,Latino,Manaus,Brazil
E02478,Alexander Morris,Manager,Sales,33,Male,Caucasian,Phoenix,United States
E04170,Grayson Chin,Vice President,IT,26,Male,Asian,Austin,United States
E00929,Allison Espinoza,Solutions Architect,IT,45,Female,Latino,Miami,United States
E00530,Naomi Chu,Sr. Manger,Sales,46,Female,Asian,Chongqing,China
E03824,Jameson Martin,Technical Architect,IT,37,Male,Caucasian,Phoenix,United States
E02492,Sebastian Gupta,Sr. Analyst,Marketing,40,Male,Asian,Chongqing,China
E01733,Eloise Pham,Manager,Sales,45,Female,Asian,Shanghai,China
E02857,Valentina Davis,Analyst,Sales,33,Female,Caucasian,Miami,United States
E04938,Brooklyn Daniels,Analyst,Marketing,64,Female,Caucasian,Miami,United States
E04952,Paisley Gomez,Sr. Analyst,Sales,57,Female,Latino,Rio de Janerio,Brazil
E02420,Madison Li,Director,Marketing,35,Female,Asian,Beijing,China
E01639,Everleigh Simmons,Analyst,Finance,55,Female,Caucasian,Chicago,United States
E03947,Logan Soto,Vice President,Finance,36,Male,Latino,Columbus,United States
E04535,Charlotte Vo,System Administrator�,IT,57,Female,Asian,Seattle,United States
E00380,Alice Thompson,Vice President,Accounting,48,Female,Caucasian,Seattle,United States
E01432,Peyton Garza,Systems Analyst,IT,53,Female,Latino,Manaus,Brazil
E02628,Nora Nelson,Analyst II,Finance,41,Female,Caucasian,Columbus,United States
E03578,Maverick Li,Analyst II,Sales,34,Male,Asian,Austin,United States
E03563,Ian Barnes,Operations Engineer,Engineering,47,Male,Caucasian,Miami,United States
E02781,Athena Vu,Director,Accounting,63,Female,Asian,Miami,United States
E04739,Ruby Washington,Analyst,Marketing,65,Female,Black,Seattle,United States
E02665,Bella Butler,Sr. Manger,Finance,33,Female,Black,Seattle,United States
E04132,Kinsley Henry,Director,Marketing,45,Female,Black,Miami,United States
E00276,Kennedy Romero,Engineering Manager,Engineering,37,Female,Latino,Rio de Janerio,Brazil
E04277,Zoe Do,Analyst II,Sales,60,Female,Asian,Beijing,China
E03890,Everett Khan,Solutions Architect,IT,43,Male,Asian,Chicago,United States
E02012,Anna Han,System Administrator�,IT,65,Female,Asian,Austin,United States
E02881,Leilani Sharma,Sr. Analyst,Accounting,43,Female,Asian,Chengdu,China
E03750,Jordan Cho,Analyst II,Accounting,28,Male,Asian,Phoenix,United States
E00605,Nova Williams,Manager,Finance,61,Female,Black,Miami,United States
E04641,Scarlett Hill,Director,Engineering,45,Female,Black,Columbus,United States
E01019,Dominic Scott,Sr. Analyst,Sales,45,Male,Caucasian,Phoenix,United States
E01519,Anthony Marquez,Vice President,IT,54,Male,Latino,Columbus,United States
E03694,Elena Patterson,Vice President,Finance,38,Female,Black,Chicago,United States
E01123,Madison Nelson,Director,Accounting,27,Female,Caucasian,Miami,United States
E01366,William Walker,Computer Systems Manager,IT,40,Male,Black,Columbus,United States
E04005,Lincoln Wong,Sr. Analyst,Finance,49,Male,Asian,Columbus,United States
E02770,James Huang,Manager,Human Resources,54,Male,Asian,Beijing,China
E04018,Emery Ford,Analyst II,Marketing,39,Female,Caucasian,Austin,United States
E01591,Paisley Trinh,Technical Architect,IT,57,Female,Asian,Austin,United States
E04940,Hudson Williams,Vice President,Sales,36,Male,Black,Austin,United States
E03465,Harper Phan,Analyst II,Finance,45,Female,Asian,Shanghai,China
E03870,Madeline Allen,Cloud Infrastructure Architect,IT,30,Female,Caucasian,Seattle,United States
E01927,Charles Moore,Technical Architect,IT,34,Male,Black,Miami,United States
E03064,Lincoln Fong,Analyst II,Sales,31,Male,Asian,Chongqing,China
E01883,Isla Guzman,Sr. Manger,Accounting,28,Female,Latino,Rio de Janerio,Brazil
E03984,Hailey Foster,Controls Engineer,Engineering,55,Female,Black,Chicago,United States
E00446,Hudson Hill,Sr. Analyst,Sales,30,Male,Caucasian,Austin,United States
E02825,Wyatt Li,Vice President,Engineering,63,Male,Asian,Chicago,United States
E04174,Maverick Henry,Computer Systems Manager,IT,26,Male,Caucasian,Chicago,United States
E01899,Xavier Jackson,Vice President,Marketing,52,Male,Caucasian,Miami,United States
E02562,Christian Medina,Analyst,Marketing,51,Male,Latino,Columbus,United States
E01006,Autumn Leung,Vice President,Finance,25,Female,Asian,Chicago,United States
E02903,Robert Vazquez,System Administrator�,IT,40,Male,Latino,Austin,United States
E03642,Aria Roberts,Manager,Accounting,38,Female,Caucasian,Seattle,United States
E02884,Axel Johnson,Director,Human Resources,60,Male,Caucasian,Seattle,United States
E00701,Madeline Garcia,Sr. Business Partner,Human Resources,45,Female,Latino,Rio de Janerio,Brazil
E04720,Christopher Chung,Controls Engineer,Engineering,28,Male,Asian,Phoenix,United States
E01985,Eliana Turner,Account Representative,Sales,65,Female,Black,Austin,United States
E03273,Daniel Shah,Analyst II,Sales,41,Male,Asian,Beijing,China
E02415,Penelope Gonzalez,Sr. Analyst,Sales,52,Female,Latino,Phoenix,United States
E02877,Mila Allen,Controls Engineer,Engineering,56,Female,Caucasian,Miami,United States
E00091,Emilia Chu,Analyst II,Finance,48,Female,Asian,Austin,United States
E02563,Emily Clark,Vice President,Accounting,36,Female,Caucasian,Miami,United States
E04221,Roman King,Analyst II,Finance,60,Male,Caucasian,Columbus,United States
E04887,Emery Do,Account Representative,Sales,40,Female,Asian,Columbus,United States
E03170,Autumn Thao,Account Representative,Sales,63,Female,Asian,Phoenix,United States
E01636,Naomi Coleman,Manager,Marketing,29,Female,Caucasian,Phoenix,United States
E01387,Cora Zheng,Director,IT,27,Female,Asian,Chengdu,China
E01363,Ayla Daniels,Technical Architect,IT,53,Female,Caucasian,Miami,United States
E02249,Allison Daniels,Manager,Finance,37,Female,Caucasian,Phoenix,United States
E02987,Mateo Harris,Manager,IT,30,Male,Caucasian,Columbus,United States
E03655,Samantha Rogers,Analyst,Marketing,28,Female,Caucasian,Miami,United States
E04048,Julian Lee,IT Systems Architect,IT,51,Male,Asian,Seattle,United States
E03626,Nicholas Avila,Enterprise Architect,IT,28,Male,Latino,Austin,United States
E03694,Hailey Watson,Sr. Manger,Accounting,31,Female,Black,Columbus,United States
E02920,Willow Woods,Vice President,Human Resources,28,Female,Caucasian,Miami,United States
E03220,Alexander Gonzales,Manager,Accounting,34,Male,Latino,Phoenix,United States
E01347,Aiden Gonzales,Vice President,Marketing,44,Male,Latino,Sao Paulo,Brazil
E03968,Joshua Chin,Sr. Manger,Marketing,60,Male,Asian,Phoenix,United States
E04299,Paisley Hall,Director,Human Resources,41,Female,Caucasian,Columbus,United States
E01150,Allison Leung,Sr. Analyst,Sales,62,Female,Asian,Austin,United States
E03774,Hannah Mejia,Vice President,Marketing,47,Female,Latino,Austin,United States
E01638,Elizabeth Huang,Analyst,Finance,62,Female,Asian,Beijing,China
E01877,Abigail Garza,Analyst,Accounting,33,Female,Latino,Seattle,United States
E01193,Raelynn Lu,Director,Finance,27,Female,Asian,Chongqing,China
E01789,Charles Luu,Sr. Manger,Sales,25,Male,Asian,Shanghai,China
E01422,Lydia Espinoza,Sr. Manger,Marketing,29,Female,Latino,Sao Paulo,Brazil
E00440,Adeline Thao,Vice President,Finance,54,Female,Asian,Seattle,United States
E00145,Kinsley Dixon,Analyst,Accounting,28,Female,Caucasian,Miami,United States
E04150,Natalia Vu,Analyst,Accounting,54,Female,Asian,Columbus,United States
E02846,Julia Mai,Manager,Marketing,50,Female,Asian,Shanghai,China
E04247,Camila Evans,Manager,Marketing,55,Female,Black,Miami,United States
E02613,Everly Lai,Vice President,Marketing,52,Female,Asian,Chicago,United States
E03349,Adam He,Director,Accounting,35,Male,Asian,Beijing,China
E03648,Vivian Hunter,Account Representative,Sales,26,Female,Black,Seattle,United States
E02192,Lucy Avila,Solutions Architect,IT,43,Female,Latino,Sao Paulo,Brazil
E03981,Eliana Li,Test Engineer,Engineering,63,Female,Asian,Miami,United States
E03262,Logan Mitchell,Analyst II,Marketing,65,Male,Caucasian,Columbus,United States
E02716,Dominic Dinh,Sr. Manger,Marketing,45,Male,Asian,Chicago,United States
E00245,Lucas Daniels,Manager,Sales,42,Male,Black,Chicago,United States
E04123,Andrew Holmes,Vice President,IT,59,Male,Black,Miami,United States
E03471,Julia Sandoval,Manager,Human Resources,42,Female,Latino,Miami,United States
E00717,Kennedy Vargas,Business Partner,Human Resources,45,Female,Latino,Manaus,Brazil
E01966,Thomas Williams,Field Engineer,Engineering,45,Male,Caucasian,Columbus,United States
E03683,Raelynn Hong,Director,Marketing,28,Female,Asian,Beijing,China
E03694,Eli Reed,Systems Analyst,IT,51,Male,Caucasian,Miami,United States
E04766,Lyla Yoon,Vice President,Accounting,38,Female,Asian,Austin,United States
E01465,Hannah White,Sr. Manger,Accounting,62,Female,Caucasian,Phoenix,United States
E00206,Theodore Xi,Manager,Finance,52,Male,Asian,Shanghai,China
E04088,Ezra Liang,Vice President,Finance,52,Male,Asian,Miami,United States
E02066,Grayson Yee,Manager,Human Resources,48,Male,Asian,Beijing,China
E03227,Eli Richardson,IT Coordinator,IT,38,Male,Caucasian,Seattle,United States
E03364,Audrey Lee,Development Engineer,Engineering,51,Female,Asian,Chongqing,China
E00607,Jameson Allen,Director,Marketing,32,Male,Caucasian,Seattle,United States
E02258,Eliza Chen,Enterprise Architect,IT,36,Female,Asian,Austin,United States
E03681,Lyla Chen,Sr. Business Partner,Human Resources,45,Female,Asian,Chicago,United States
E02298,Emily Doan,Engineering Manager,Engineering,32,Female,Asian,Phoenix,United States
E02984,Jack Mai,Sr. Analyst,Marketing,45,Male,Asian,Chengdu,China
E02440,Grayson Turner,Solutions Architect,IT,54,Male,Caucasian,Chicago,United States
E04699,Ivy Tang,Development Engineer,Engineering,48,Female,Asian,Shanghai,China
E03579,Robert Zhang,Vice President,Marketing,45,Male,Asian,Phoenix,United States
E01649,Eva Alvarado,Computer Systems Manager,IT,46,Female,Latino,Sao Paulo,Brazil
E04969,Abigail Vang,Operations Engineer,Engineering,40,Female,Asian,Chengdu,China
E00170,Claire Adams,Director,Sales,61,Female,Black,Phoenix,United States
E00955,Theodore Marquez,Development Engineer,Engineering,54,Male,Latino,Sao Paulo,Brazil
E00810,Hunter Nunez,Vice President,Human Resources,62,Male,Latino,Seattle,United States
E02798,Charles Henderson,Systems Analyst,IT,48,Male,Caucasian,Austin,United States
E04542,Camila Cortez,Manager,Marketing,29,Female,Latino,Phoenix,United States
E02818,Aaron Garza,Director,Sales,39,Male,Latino,Columbus,United States
E02907,Jose Singh,Sr. Manger,Finance,44,Male,Asian,Columbus,United States
E00023,Gabriel Joseph,Director,Engineering,52,Male,Caucasian,Miami,United States
E02391,Natalia Santos,Vice President,Human Resources,45,Female,Latino,Sao Paulo,Brazil
E01429,Dylan Wilson,Network Administrator,IT,48,Male,Caucasian,Seattle,United States
E00494,Robert Alvarez,Service Desk Analyst,IT,39,Male,Latino,Manaus,Brazil
E00634,Samantha Chavez,Sr. Analyst,Sales,53,Female,Latino,Manaus,Brazil
E01249,Samuel Bailey,Vice President,Accounting,41,Male,Caucasian,Seattle,United States
E04683,Ezekiel Delgado,Director,Engineering,40,Male,Latino,Manaus,Brazil
E04732,Benjamin Ramirez,Network Engineer,IT,48,Male,Latino,Chicago,United States
E03834,Anthony Carter,Director,Engineering,41,Male,Caucasian,Columbus,United States
E02923,Ethan Tang,Sr. Analyst,Accounting,54,Male,Asian,Chicago,United States
E02642,Sebastian Rogers,HRIS Analyst,Human Resources,38,Male,Caucasian,Miami,United States
E00981,Miles Thao,System Administrator�,IT,57,Male,Asian,Columbus,United States
E04157,William Cao,Sr. Analyst,Marketing,63,Male,Asian,Beijing,China
E03528,Leo Hsu,Sr. Manger,Human Resources,62,Male,Asian,Chongqing,China
E04547,Avery Grant,Enterprise Architect,IT,49,Female,Caucasian,Chicago,United States
E04415,Penelope Fong,Director,Accounting,60,Female,Asian,Chongqing,China
E04484,Vivian Thao,Quality Engineer,Engineering,45,Female,Asian,Chicago,United States
E02800,Eva Estrada,Sr. Manger,Sales,45,Female,Latino,Sao Paulo,Brazil
E04926,Emma Luna,Field Engineer,Engineering,52,Female,Latino,Manaus,Brazil
E01268,Charlotte Wu,Sr. Business Partner,Human Resources,63,Female,Asian,Shanghai,China
E04853,Vivian Chu,Sr. Account Representative,Sales,46,Female,Asian,Shanghai,China
E01209,Jayden Williams,Manager,Human Resources,64,Male,Caucasian,Columbus,United States
E02024,Amelia Bell,Sr. Analyst,Sales,53,Female,Caucasian,Seattle,United States
E02427,Addison Mehta,Manager,Sales,27,Female,Asian,Columbus,United States
E00276,Alexander Jackson,Manager,Human Resources,45,Male,Caucasian,Columbus,United States
E00951,Everly Lin,Business Partner,Human Resources,25,Female,Asian,Chongqing,China
E03248,Lyla Stewart,Sr. Manger,IT,43,Female,Caucasian,Austin,United States
E04444,Brooklyn Ruiz,IT Coordinator,IT,61,Female,Latino,Phoenix,United States
E02307,Skylar Evans,Director,Accounting,42,Female,Caucasian,Austin,United States
E02375,Lincoln Huynh,Sr. Manger,Finance,63,Male,Asian,Austin,United States
E02276,Hazel Griffin,Field Engineer,Engineering,32,Female,Caucasian,Phoenix,United States
E02649,Charles Gonzalez,Quality Engineer,Engineering,27,Male,Latino,Rio de Janerio,Brazil
E00503,Leah Patterson,Manager,Human Resources,33,Female,Caucasian,Austin,United States
E01706,Avery Sun,Operations Engineer,Engineering,45,Female,Asian,Chongqing,China
E00676,Isaac Yoon,Manager,Human Resources,41,Male,Asian,Chicago,United States
E02005,Isabella Bui,Enterprise Architect,IT,36,Female,Asian,Miami,United States
E01895,Gabriel Zhou,IT Coordinator,IT,25,Male,Asian,Chongqing,China
E01396,Jack Vu,Analyst II,Accounting,43,Male,Asian,Chengdu,China
E00749,Valentina Moua,Account Representative,Sales,37,Female,Asian,Columbus,United States
E01941,Quinn Trinh,Analyst II,Sales,42,Female,Asian,Beijing,China
E01413,Caroline Nelson,Sr. Account Representative,Sales,60,Female,Black,Columbus,United States
E03928,Miles Dang,IT Coordinator,IT,61,Male,Asian,Miami,United States
E04109,Leah Bryant,IT Coordinator,IT,55,Female,Caucasian,Austin,United States
E03994,Henry Jung,Automation Engineer,Engineering,57,Male,Asian,Austin,United States
E00639,Benjamin Mai,System Administrator�,IT,54,Male,Asian,Phoenix,United States
E00608,Anna Han,Development Engineer,Engineering,29,Female,Asian,Chicago,United States
E04189,Ariana Kim,Network Architect,IT,33,Female,Asian,Chengdu,China
E02732,Alice Tran,Analyst,Marketing,39,Female,Asian,Seattle,United States
E00324,Hailey Song,Manager,Finance,37,Female,Asian,Chongqing,China
E00518,Lydia Morales,Manager,Finance,51,Female,Latino,Manaus,Brazil
E01286,Liam Sanders,Sr. Business Partner,Human Resources,46,Male,Caucasian,Seattle,United States
E04564,Luke Sanchez,Sr. Manger,Human Resources,41,Male,Latino,Sao Paulo,Brazil
E02033,Grace Sun,Director,Finance,25,Female,Asian,Shanghai,China
E00412,Ezra Banks,Analyst II,Sales,37,Male,Caucasian,Chicago,United States
E01844,Jayden Kang,Analyst,Finance,46,Male,Asian,Seattle,United States
E00667,Skylar Shah,Field Engineer,Engineering,42,Female,Asian,Phoenix,United States
E02639,Sebastian Le,Analyst,Finance,37,Male,Asian,Beijing,China
E00287,Luca Nelson,Manager,Finance,60,Male,Caucasian,Miami,United States
E02235,Riley Ramirez,Sr. Business Partner,Human Resources,52,Female,Latino,Chicago,United States
E02720,Jaxon Fong,Sr. Analyst,Sales,59,Male,Asian,Beijing,China
E03583,Kayden Jordan,Cloud Infrastructure Architect,IT,48,Male,Caucasian,Phoenix,United States
E01188,Alexander James,Sr. Manger,Human Resources,42,Male,Caucasian,Columbus,United States
E02428,Connor Luu,Computer Systems Manager,IT,35,Male,Asian,Chengdu,China
E03289,Christopher Lam,Vice President,Accounting,64,Male,Asian,Columbus,United States
E01947,Sophie Owens,Analyst II,Finance,30,Female,Caucasian,Seattle,United States
E02024,Addison Perez,Operations Engineer,Engineering,29,Female,Latino,Sao Paulo,Brazil
E04249,Hadley Dang,Vice President,Accounting,47,Female,Asian,Austin,United States
E01090,Ethan Mehta,Director,Sales,49,Male,Asian,Phoenix,United States
E03830,Madison Her,Technical Architect,IT,56,Female,Asian,Seattle,United States
E04363,Savannah Singh,Director,Marketing,53,Female,Asian,Seattle,United States
E04920,Nevaeh Hsu,Sr. Manger,Human Resources,32,Female,Asian,Phoenix,United States
E03866,Jordan Zhu,Sr. Manger,Marketing,32,Male,Asian,Seattle,United States
E03521,Jackson Navarro,Director,Sales,52,Male,Latino,Sao Paulo,Brazil
E04095,Sadie Patterson,Sr. Analyst,Accounting,38,Female,Caucasian,Seattle,United States
E04079,Christopher Butler,Network Architect,IT,41,Male,Caucasian,Miami,United States
E01508,Penelope Rodriguez,Engineering Manager,Engineering,49,Female,Latino,Rio de Janerio,Brazil
E02259,Emily Lau,Sr. Analyst,Finance,35,Female,Asian,Phoenix,United States
E04972,Sophie Oh,Network Engineer,IT,29,Female,Asian,Miami,United States
E01834,Chloe Allen,Solutions Architect,IT,64,Female,Caucasian,Seattle,United States
E03124,Caleb Nelson,Director,Marketing,33,Male,Caucasian,Columbus,United States
E01898,Oliver Moua,IT Systems Architect,IT,29,Male,Asian,Seattle,United States
E00342,Wesley Doan,Manager,Finance,63,Male,Asian,Shanghai,China
E03910,Nova Hsu,Manager,Human Resources,32,Female,Asian,Phoenix,United States
E00862,Levi Moreno,Systems Analyst,IT,64,Male,Latino,Manaus,Brazil
E02576,Gianna Ha,Manager,IT,55,Female,Asian,Chongqing,China
E00035,Lillian Gonzales,Cloud Infrastructure Architect,IT,43,Female,Latino,Manaus,Brazil
E01832,Ezra Singh,Analyst,Finance,56,Male,Asian,Austin,United States
E01755,Audrey Patel,Sr. Manger,Finance,37,Female,Asian,Shanghai,China
E00465,Brooklyn Cho,Technical Architect,IT,45,Female,Asian,Chengdu,China
E02391,Piper Ramos,Sr. Manger,Sales,49,Female,Latino,Miami,United States
E04697,Eleanor Williams,Enterprise Architect,IT,61,Female,Caucasian,Chicago,United States
E00371,Melody Grant,Quality Engineer,Engineering,41,Female,Caucasian,Seattle,United States
E02992,Paisley Sanders,Sr. Manger,Marketing,55,Female,Caucasian,Miami,United States
E04369,Santiago f Gray,Quality Engineer,Engineering,27,Male,Caucasian,Chicago,United States
E00592,Josephine Richardson,System Administrator�,IT,57,Female,Caucasian,Austin,United States
E03532,Jaxson Santiago,Engineering Manager,Engineering,56,Male,Latino,Phoenix,United States
E00863,Lincoln Ramos,Operations Engineer,Engineering,59,Male,Latino,Austin,United States
E03310,Dylan Campbell,Director,Engineering,45,Male,Caucasian,Phoenix,United States
E01883,Olivia Gray,Manager,Marketing,42,Female,Black,Columbus,United States
E01242,Emery Doan,Controls Engineer,Engineering,25,Female,Asian,Shanghai,China
E02535,Caroline Perez,Controls Engineer,Engineering,29,Female,Latino,Sao Paulo,Brazil
E00369,Genesis Woods,Manager,Human Resources,33,Female,Black,Columbus,United States
E03332,Ruby Sun,Cloud Infrastructure Architect,IT,50,Female,Asian,Shanghai,China
E03278,Nevaeh James,Solutions Architect,IT,45,Female,Caucasian,Austin,United States
E02492,Parker Sandoval,Manager,Human Resources,59,Male,Latino,Miami,United States
E03055,Austin Rojas,Vice President,Finance,29,Male,Latino,Austin,United States
E01943,Vivian Espinoza,Sr. Manger,Sales,52,Female,Latino,Rio de Janerio,Brazil
E01388,Cooper Gupta,Business Partner,Human Resources,58,Male,Asian,Chongqing,China
E00717,Axel Santos,Sr. Analyst,Accounting,62,Male,Latino,Phoenix,United States
E04637,Samuel Song,Director,Sales,31,Male,Asian,Columbus,United States
E03240,Aiden Silva,Vice President,IT,42,Male,Latino,Manaus,Brazil
E00340,Eliana Allen,Business Partner,Human Resources,56,Female,Caucasian,Phoenix,United States
E04751,Grayson James,Operations Engineer,Engineering,54,Male,Caucasian,Seattle,United States
E04636,Hailey Yee,Account Representative,Sales,54,Female,Asian,Chongqing,China
E00568,Ian Vargas,Analyst,Sales,26,Male,Latino,Rio de Janerio,Brazil
E02938,John Trinh,Director,Marketing,49,Male,Asian,Shanghai,China
E00555,Sofia Trinh,Network Architect,IT,45,Female,Asian,Chongqing,China
E01111,Santiago f Moua,Sr. Manger,Human Resources,45,Male,Asian,Chicago,United States
E03149,Layla Collins,IT Systems Architect,IT,26,Female,Caucasian,Austin,United States
E00952,Jaxon Powell,Field Engineer,Engineering,59,Male,Caucasian,Austin,United States
E04380,Naomi Washington,Manager,IT,51,Female,Caucasian,Austin,United States
E04095,Ryan Holmes,Sr. Manger,Marketing,45,Male,Caucasian,Columbus,United States
E04994,Bella Holmes,Director,Accounting,35,Female,Caucasian,Miami,United States
E00447,Hailey Sanchez,Vice President,Marketing,32,Female,Latino,Manaus,Brazil
E00089,Sofia Yoon,Sr. Manger,Human Resources,37,Female,Asian,Shanghai,China
E02035,Eli Rahman,Service Desk Analyst,IT,45,Male,Asian,Chengdu,China
E03595,Christopher Howard,Enterprise Architect,IT,61,Male,Caucasian,Seattle,United States
E03611,Alice Mehta,Analyst II,Sales,45,Female,Asian,Beijing,China
E04464,Cooper Yoon,Engineering Manager,Engineering,60,Male,Asian,Austin,United States
E02135,John Delgado,Cloud Infrastructure Architect,IT,30,Male,Latino,Austin,United States
E01684,Jaxson Liang,Field Engineer,Engineering,64,Male,Asian,Phoenix,United States
E02968,Caroline Santos,Analyst II,Finance,25,Female,Latino,Sao Paulo,Brazil
E03362,Lily Henderson,HRIS Analyst,Human Resources,61,Female,Caucasian,Phoenix,United States
E01108,Hannah Martinez,Manager,Marketing,65,Female,Latino,Miami,United States
E02217,William Phillips,Network Architect,IT,61,Male,Black,Austin,United States
E03519,Eliza Zheng,Computer Systems Manager,IT,48,Female,Asian,Chongqing,China
E01967,John Dang,Director,Sales,58,Male,Asian,Chongqing,China
E01125,Joshua Yang,Network Engineer,IT,34,Male,Asian,Shanghai,China
E03795,Hazel Young,Sr. Manger,Sales,30,Female,Black,Austin,United States
E00508,Thomas Jung,Sr. Analyst,Accounting,50,Male,Asian,Shanghai,China
E02047,Xavier Perez,Sr. Analyst,Sales,51,Male,Latino,Rio de Janerio,Brazil
E01582,Elijah Coleman,Sr. Manger,Sales,53,Male,Caucasian,Miami,United States
E02563,Clara Sanchez,Controls Engineer,Engineering,47,Female,Latino,Rio de Janerio,Brazil
E04872,Isaac Stewart,Director,Marketing,25,Male,Caucasian,Miami,United States
E03159,Claire Romero,Vice President,Marketing,37,Female,Latino,Manaus,Brazil
E01337,Andrew Coleman,Director,Finance,41,Male,Caucasian,Miami,United States
E00102,Riley Rojas,Network Architect,IT,36,Female,Latino,Rio de Janerio,Brazil
E03637,Landon Thao,HRIS Analyst,Human Resources,25,Male,Asian,Phoenix,United States
E03455,Hadley Ford,Systems Analyst,IT,52,Female,Caucasian,Chicago,United States
E03354,Austin Brown,Director,Marketing,48,Male,Caucasian,Phoenix,United States
E01225,Christian Fong,Manager,Sales,49,Male,Asian,Beijing,China
E01264,Hazel Alvarez,Business Partner,Human Resources,62,Female,Latino,Sao Paulo,Brazil
E02274,Isabella Bailey,Network Administrator,IT,36,Female,Caucasian,Phoenix,United States
E02848,Lincoln Huynh,System Administrator�,IT,55,Male,Asian,Chongqing,China
E00480,Hadley Yee,Business Partner,Human Resources,31,Female,Asian,Seattle,United States
E00203,Julia Doan,Business Partner,Human Resources,53,Female,Asian,Columbus,United States
E00647,Dylan Ali,Sr. Manger,Human Resources,27,Male,Asian,Phoenix,United States
E03296,Eloise Trinh,Solutions Architect,IT,39,Female,Asian,Miami,United States
E02453,Dylan Kumar,Sr. Analyst,Marketing,55,Male,Asian,Chongqing,China
E00647,Emily Gupta,HRIS Analyst,Human Resources,44,Female,Asian,Miami,United States
E02522,Silas Rivera,Vice President,Sales,48,Male,Latino,Chicago,United States
E00459,Jackson Jordan,Business Partner,Human Resources,48,Male,Black,Phoenix,United States
E03007,Isaac Joseph,Analyst,Sales,54,Male,Caucasian,Seattle,United States
E04035,Hailey Lai,Sr. Manger,Finance,42,Female,Asian,Beijing,China
E00952,Leilani Thao,Director,Human Resources,38,Female,Asian,Seattle,United States
E03863,Madeline Watson,Account Representative,Sales,40,Female,Black,Miami,United States
E02710,Silas Huang,Engineering Manager,Engineering,57,Male,Asian,Miami,United States
E01895,Peyton Walker,Analyst,Marketing,43,Female,Caucasian,Miami,United States
E01339,Jeremiah Hernandez,Network Engineer,IT,26,Male,Latino,Columbus,United States
E02938,Jace Washington,Manager,Accounting,44,Male,Caucasian,Phoenix,United States
E03379,Landon Kim,Manager,Human Resources,50,Male,Asian,Phoenix,United States
E02153,Peyton Vasquez,Analyst,Accounting,26,Female,Latino,Phoenix,United States
E00994,Charlotte Baker,Analyst II,Sales,29,Female,Caucasian,Austin,United States
E00943,Elena Mendoza,Director,Sales,27,Female,Latino,Sao Paulo,Brazil
E00869,Nova Lin,Cloud Infrastructure Architect,IT,33,Female,Asian,Columbus,United States
E03457,Ivy Desai,Controls Engineer,Engineering,59,Female,Asian,Shanghai,China
E02193,Josephine Acosta,Director,Human Resources,40,Female,Latino,Manaus,Brazil
E00577,Nora Nunez,Analyst II,Finance,45,Female,Latino,Sao Paulo,Brazil
E00538,Caleb Xiong,Sr. Account Representative,Sales,38,Male,Asian,Chicago,United States
E01415,Henry Green,Sr. Account Representative,Sales,32,Male,Caucasian,Phoenix,United States
E00717,Madelyn Chan,Manager,Sales,64,Female,Asian,Phoenix,United States
E00225,Angel Delgado,Director,Finance,31,Male,Latino,Seattle,United States
E02889,Mia Herrera,Director,Marketing,43,Female,Latino,Manaus,Brazil
E04978,Peyton Harris,Enterprise Architect,IT,45,Female,Caucasian,Miami,United States
E04163,David Herrera,Engineering Manager,Engineering,32,Male,Latino,Rio de Janerio,Brazil
E01652,Avery Dominguez,Sr. Manger,Sales,27,Female,Latino,Rio de Janerio,Brazil
E00880,Grace Carter,Sr. Manger,Human Resources,25,Female,Black,Austin,United States
E04335,Parker Allen,Sr. Analyst,Sales,31,Male,Caucasian,Miami,United States
E01300,Sadie Lee,Sr. Manger,Marketing,65,Female,Asian,Chengdu,China
E03102,Cooper Valdez,Manager,Sales,50,Male,Latino,Sao Paulo,Brazil
E04089,Sebastian Fong,Sr. Manger,IT,46,Male,Asian,Austin,United States
E02059,Roman Munoz,Sr. Manger,Sales,54,Male,Latino,Austin,United States
E03894,Charlotte Chang,Manager,Sales,50,Female,Asian,Chicago,United States
E03106,Xavier Davis,Vice President,Finance,36,Male,Caucasian,Seattle,United States
E01350,Natalie Carter,Director,Finance,64,Female,Caucasian,Austin,United States
E02900,Elena Richardson,Manager,Accounting,34,Female,Caucasian,Columbus,United States
E02202,Emilia Bailey,Vice President,Accounting,41,Female,Caucasian,Austin,United States
E02696,Ryan Lu,Development Engineer,Engineering,25,Male,Asian,Columbus,United States
E01722,Asher Huynh,Manager,IT,45,Male,Asian,Phoenix,United States
E04562,Kinsley Martinez,Director,Human Resources,52,Female,Latino,Sao Paulo,Brazil
E00640,Paisley Bryant,Cloud Infrastructure Architect,IT,37,Female,Black,Chicago,United States
E02554,Joshua Ramirez,Vice President,Human Resources,44,Male,Latino,Sao Paulo,Brazil
E03412,Joshua Martin,Sr. Manger,Human Resources,42,Male,Black,Phoenix,United States
E00646,Charles Moore,Analyst,Accounting,49,Male,Caucasian,Seattle,United States
E04670,Angel Do,IT Systems Architect,IT,34,Male,Asian,Beijing,China
E03580,Maverick Medina,Analyst II,Sales,39,Male,Latino,Seattle,United States
E00446,Isaac Han,Vice President,Human Resources,31,Male,Asian,Phoenix,United States
E02363,Eliza Liang,Sr. Manger,Human Resources,36,Female,Asian,Beijing,China
E03718,Zoe Zhou,Manager,Finance,61,Female,Asian,Beijing,China
E01749,Nathan Lee,Analyst,Accounting,29,Male,Asian,Columbus,United States
E02888,Elijah Ramos,Sr. Manger,IT,33,Male,Latino,Rio de Janerio,Brazil
E01338,Jaxson Coleman,Manager,Finance,32,Male,Caucasian,Miami,United States
E03000,Hailey Hong,Account Representative,Sales,33,Female,Asian,Chicago,United States
E01611,Gabriella Zhu,Computer Systems Manager,IT,36,Female,Asian,Chongqing,China
E02684,Aaron Maldonado,Analyst II,Finance,39,Male,Latino,Seattle,United States
E02561,Samantha Vargas,Director,Human Resources,53,Female,Latino,Sao Paulo,Brazil
E03168,Nora Le,Sr. Manger,IT,53,Female,Asian,Seattle,United States
E00758,Alice Roberts,Director,Human Resources,54,Female,Caucasian,Miami,United States
E03691,Colton Garcia,Solutions Architect,IT,55,Male,Latino,Miami,United States
E01488,Stella Lai,Sr. Analyst,Accounting,44,Female,Asian,Miami,United States
E04415,Leonardo Luong,Manager,Finance,52,Male,Asian,Phoenix,United States
E03278,Nicholas Wong,Director,Sales,27,Male,Asian,Columbus,United States
E00282,Jeremiah Castillo,Analyst II,Accounting,58,Male,Latino,Columbus,United States
E03305,Cooper Jiang,Analyst II,Accounting,49,Male,Asian,Chongqing,China
E00559,Penelope Silva,Network Architect,IT,36,Female,Latino,Columbus,United States
E02558,Jose Richardson,Director,Marketing,26,Male,Caucasian,Miami,United States
E00956,Eleanor Chau,Development Engineer,Engineering,37,Female,Asian,Phoenix,United States
E03858,John Cho,Director,Human Resources,47,Male,Asian,Chengdu,China
E02221,Julian Delgado,Systems Analyst,IT,29,Male,Latino,Rio de Janerio,Brazil
E00126,Isabella Scott,Network Administrator,IT,58,Female,Caucasian,Phoenix,United States
E02627,Parker Avila,Analyst II,Marketing,47,Male,Latino,Manaus,Brazil
E03778,Luke Vu,Sr. Manger,Marketing,52,Male,Asian,Shanghai,China
E00481,Jameson Nelson,Network Architect,IT,61,Male,Caucasian,Columbus,United States
E02833,Adrian Fernandez,Systems Analyst,IT,45,Male,Latino,Columbus,United States
E03902,Madison Hunter,Network Administrator,IT,40,Female,Caucasian,Columbus,United States
E02310,Jordan Phillips,Vice President,Human Resources,45,Male,Black,Columbus,United States
E02661,Maya Chan,Controls Engineer,Engineering,37,Female,Asian,Beijing,China
E00836,Wesley King,Manager,Accounting,57,Male,Caucasian,Chicago,United States
E00682,Sofia Fernandez,Manager,Accounting,44,Female,Latino,Phoenix,United States
E00287,Maverick Figueroa,IT Systems Architect,IT,48,Male,Latino,Chicago,United States
E00785,Hannah Hoang,Manager,Accounting,25,Female,Asian,Chengdu,China
E04598,Violet Garcia,Sr. Analyst,Marketing,35,Female,Latino,Austin,United States
E03247,Aaliyah Mai,Vice President,IT,57,Female,Asian,Phoenix,United States
E02703,Austin Vang,Manager,Marketing,49,Male,Asian,Beijing,China
E02191,Maria Sun,Director,Sales,25,Female,Asian,Chengdu,China
E00156,Madelyn Scott,Sr. Manger,IT,46,Female,Caucasian,Phoenix,United States
E03349,Dylan Chin,Director,Finance,60,Male,Asian,Miami,United States
E04032,Emery Zhang,Field Engineer,Engineering,45,Female,Asian,Beijing,China
E00005,Riley Washington,Director,Sales,39,Female,Caucasian,Phoenix,United States
E04354,Raelynn Rios,Vice President,Sales,43,Female,Latino,Columbus,United States
E01578,Anthony Hong,Sr. Manger,IT,37,Male,Asian,Columbus,United States
E03430,Leo Herrera,Sr. Business Partner,Human Resources,48,Male,Latino,Manaus,Brazil
E03058,Robert Wright,Technical Architect,IT,30,Male,Caucasian,Chicago,United States
E04762,Audrey Richardson,Director,IT,46,Female,Caucasian,Chicago,United States
E01148,Scarlett Kumar,Systems Analyst,IT,55,Female,Asian,Columbus,United States
E03094,Wesley Young,Sr. Analyst,Marketing,33,Male,Caucasian,Columbus,United States
E01909,Lillian Khan,Analyst,Finance,44,Female,Asian,Chengdu,China
E04398,Oliver Yang,Director,Marketing,31,Male,Asian,Miami,United States
E02521,Lily Nguyen,Sr. Analyst,Finance,33,Female,Asian,Chengdu,China
E03545,Sofia Cheng,Vice President,Accounting,63,Female,Asian,Miami,United States
